spine_num,title,director,release_year
579,The Phantom Carriage,Victor Sjöström,1920
799,The Kid,Charlie Chaplin,1921
33,Nanook of the North,Robert Flaherty,1922
134,Häxan: Witchcraft Through the Ages,Benjamin Christensen,1922
662,Safety Last!,Fred Newmeyer & Sam Taylor,1923
703,The Freshman,Fred Newmeyer & Sam Taylor,1925
706,Master of the House,Carl Theodor Dreyer,1925
266,The King of Kings,Cecil B. DeMille,1927
529,Underworld,Josef von Sternberg,1927
885,The Lodger: A Story of the London Fog,Alfred Hitchcock,1927
964,The Kid Brother,Ted Wilde,1927
62,The Passion of Joan of Arc,Carl Theodor Dreyer,1928
530,The Last Command,Josef von Sternberg,1928
531,The Docks of New York,Josef von Sternberg,1928
623,Lonesome,Paul Fejos,1928
789,Speedy,Ted Wilde,1928
996,The Circus,Charlie Chaplin,1928
1033,The Cameraman,Edward Sedgwick,1928
358,Pandora's Box,Georg Wilhelm Pabst,1929
67,The Blood of a Poet,Jean Cocteau,1930
161,Under the Roofs of Paris,René Clair,1930
569,People on Sunday,Robert Siodmak & Edgar G. Ulmer,1930
907,Westfront 1918,G. W. Pabst,1930
915,King of Jazz,John Murray Anderson,1930
931,Morocco,Josef von Sternberg,1930
30,M,Fritz Lang,1931
72,Le million,René Clair,1931
160,À nous la liberté,René Clair,1931
405,The Threepenny Opera,Georg Wilhelm Pabst,1931
680,City Lights,Charlie Chaplin,1931
818,La chienne ,Jean Renoir,1931
877,Limite,Mário Peixoto,1931
882,Marius,Alexander Korda,1931
908,Kameradschaft,G. W. Pabst,1931
932,Dishonored,Josef von Sternberg,1931
46,The Most Dangerous Game,Ernest B. Schoedsack & Irving Pichel,1932
170,Trouble in Paradise,Ernst Lubitsch,1932
305,Boudu Saved from Drowning,Jean Renoir,1932
437,Vampyr,Carl Theodor Dreyer,1932
586,Island of Lost Souls,Erle C. Kenton,1932
883,Fanny,Marc Allégret,1932
933,Shanghai Express,Josef von Sternberg,1932
934,Blonde Venus,Josef von Sternberg,1932
231,The Testament of Dr. Mabuse,Fritz Lang,1933
592,Design for Living,Ernst Lubitsch,1933
1006,The Story of Temple Drake,Stephen Roberts,1933
109,The Scarlet Empress,Josef von Sternberg,1934
643,The Man Who Knew Too Much,Alfred Hitchcock,1934
736,It Happened One Night,Frank Capra,1934
1048,Dos monjes,Juan Bustillo Oro,1934
56,The 39 Steps,Alfred Hitchcock,1935
935,The Devil Is a Woman,Josef von Sternberg,1935
1040,Toni,Jean Renoir,1935
114,My Man Godfrey,Gregory La Cava,1936
172,Pépé le moko,Julien Duvivier,1936
525,The Only Son,Yasujirō Ozu,1936
543,Modern Times,Charlie Chaplin,1936
660,Things to Come,William Cameron Menzies,1936
686,Redes,Emilio Gómez Muriel & Fred Zinnemann,1936
746,A Day in the Country,Jean Renoir,1936
884,César,Marcel Pagnol,1936
979,Swing Time,George Stevens,1936
1021,Show Boat,James Whale,1936
1,Grand Illusion,Jean Renoir,1937
505,Make Way for Tomorrow,Leo McCarey,1937
917,The Awful Truth,Leo McCarey,1937
3,The Lady Vanishes,Alfred Hitchcock,1938
85,Pygmalion,Anthony Asquith & Leslie Howard,1938
87,Alexander Nevsky,Sergei Eisenstein,1938
245,Port of Shadows,Marcel Carné,1938
324,La bête humaine,Jean Renoir,1938
986,The Baker's Wife,Marcel Pagnol,1938
1009,Holiday,George Cukor,1938
216,The Rules of the Game,Jean Renoir,1939
320,Young Mr. Lincoln,John Ford,1939
516,Stagecoach,John Ford,1939
559,The Mikado,Victor Schertzinger,1939
583,The Four Feathers,Zoltan Korda,1939
806,Only Angels Have Wings,Howard Hawks,1939
832,The Story of the Last Chrysanthemum,Kenji Mizoguchi,1939
1024,Destry Rides Again,George Marshall,1939
78,The Bank Dick,Edward Cline,1940
135,Rebecca,Alfred Hitchcock,1940
431,The Thief of Bagdad,Ludwig Berger & Michael Powell & Tim Whelan,1940
523,Night Train to Munich,Carol Reed,1940
565,The Great Dictator,Charlie Chaplin,1940
696,Foreign Correspondent,Alfred Hitchcock,1940
849,His Girl Friday,Howard Hawks,1940
901,The Philadelphia Story,George Cukor,1940
1028,Dance@ Girl@ Dance,Dorothy Arzner,1940
103,The Lady Eve,Preston Sturges,1941
214,The Devil and Daniel Webster,William Dieterle,1941
376,49th Parallel,Michael Powell & Emeric Pressburger,1941
487,That Hamilton Woman,Alexander Korda,1941
819,Here Comes Mr. Jordan,Alexander Hall,1941
118,Sullivan's Travels,Preston Sturges,1942
526,There Was a Father,Yasujirō Ozu,1942
604,In Which We Serve,David Lean & Noël Coward,1942
626,Les visiteurs du soir,Marcel Carné,1942
670,To Be or Not to Be,Ernst Lubitsch,1942
676,I Married a Witch,René Clair,1942
742,The Palm Beach Story,Preston Sturges,1942
833,Cat People,Jacques Tourneur,1942
867,Woman of the Year,George Stevens,1942
952,The Magnificent Ambersons,Orson Welles,1942
1004,Now@ Voyager,Irving Rapper,1942
125,Day of Wrath,Carl Theodor Dreyer,1943
173,The Life and Death of Colonel Blimp,Michael Powell & Emeric Pressburger,1943
227,Le Corbeau,Henri-Georges Clouzot,1943
291,Heaven Can Wait,Ernst Lubitsch,1943
41,Henry V,Laurence Olivier,1944
323,The Children Are Watching Us,Vittorio De Sica,1944
341,A Canterbury Tale,Michael PowellEmeric Pressburger,1944
605,This Happy Breed,David Lean,1944
649,Ministry of Fear,Fritz Lang,1944
677,The Uninvited,Lewis Allen,1944
76,Brief Encounter,David Lean,1945
94,I Know Where I'm Going!,Michael Powell & Emeric Pressburger,1945
136,Spellbound,Alfred Hitchcock,1945
141,Children of Paradise,Marcel Carné,1945
183,Les dames du Bois de Boulogne,Robert Bresson,1945
497,Rome@ Open City,Roberto Rossellini,1945
606,Blithe Spirit,David Lean,1945
860,Mildred Pierce,Michael Curtiz,1945
966,Detour,Edgar G. Ulmer,1945
1020,Leave Her to Heaven,John M. Stahl,1945
6,Beauty and the Beast,Jean Cocteau,1946
31,Great Expectations,David Lean,1946
137,Notorious,Alfred Hitchcock,1946
375,Green for Danger,Sidney Gilliat,1946
498,Paisan,Roberto Rossellini,1946
732,My Darling Clementine,John Ford,1946
795,Gilda,Charles Vidor,1946
939,A Matter of Life and Death,Michael Powell & Emeric Pressburger,1946
997,Cluny Brown,Ernst Lubitsch,1946
93,Black Narcissus,Michael Powell Emeric Pressburger,1947
193,Quai des Orfèvres,Henri-Georges Clouzot,1947
383,Brute Force,Jules Dassin,1947
652,Monsieur Verdoux,Charlie Chaplin,1947
750,Ride the Pink Horse,Robert Montgomery,1947
754,Odd Man Out,Carol Reed,1947
955,Panique,Julien Duvivier,1947
32,Oliver Twist,David Lean,1948
44,The Red Shoes,Michael Powell & Emeric Pressburger,1948
82,Hamlet,Laurence Olivier,1948
292,Unfaithfully Yours,Preston Sturges,1948
357,The Fallen Idol,Carol Reed,1948
374,Bicycle Thieves,Vittorio De Sica,1948
380,The Naked City,Jules Dassin,1948
413,Drunken Angel,Akira Kurosawa,1948
499,Germany@ Year Zero,Roberto Rossellini,1948
709,Red River,Howard Hawks,1948
880,They Live by Night,Nicholas Ray,1948
921,Moonrise,Frank Borzage,1948
64,The Third Man,Carol Reed,1949
68,Orpheus,Jean Cocteau,1949
233,Stray Dog,Akira Kurosawa,1949
273,Thieves' Highway,Jules Dassin,1949
325,Kind Hearts and Coronets,Robert Hamer,1949
331,Late Spring,Yasujirō Ozu,1949
441,The Small Back Room,Michael Powell & Emeric Pressburger,1949
730,Jour de fête,Jacques Tati,1949
755,Le silence de la mer,Jean-Pierre Melville,1949
792,Bitter Rice,Giuseppe De Santis,1949
974,The Heiress,William Wyler,1949
81,Variety Lights,Federico Fellini & Alberto Lattuada,1950
138,Rashomon,Akira Kurosawa,1950
274,Night and the City,Jules Dassin,1950
293,The Flowers of St. Francis,Roberto Rossellini,1950
398,Les enfants terribles,Jean-Pierre Melville,1950
435,The Furies,Anthony Mann,1950
443,La ronde,Max Ophüls,1950
673,Stromboli,Roberto Rossellini,1950
810,In a Lonely Place,Nicholas Ray,1950
847,The Asphalt Jungle,John Huston,1950
889,The Breaking Point,Michael Curtiz,1950
1003,All About Eve,Joseph L. Mankiewicz,1950
222,Diary of a Country Priest,Robert Bresson,1951
240,Early Summer,Yasujirō Ozu,1951
276,The River,Jean Renoir,1951
294,The Browning Version,Anthony Asquith,1951
317,The Tales of Hoffmann,Michael Powell & Emeric Pressburger,1951
318,Forbidden Games,René Clément,1951
396,Ace in the Hole,Billy Wilder,1951
416,Miss Julie,Alf Sjöberg,1951
613,Summer Interlude,Ingmar Bergman,1951
891,La poison,Sacha Guitry,1951
158,The Importance of Being Earnest,Anthony Asquith,1952
189,The White Sheik,Federico Fellini,1952
201,Umberto D.,Vittorio De Sica,1952
221,Ikiru,Akira Kurosawa,1952
270,Casque d'or,Jacques Becker,1952
444,Le plaisir,Max Ophüls,1952
451,Fanfan la Tulipe,Christian Jaque,1952
664,The Life of Oharu,Kenji Mizoguchi,1952
674,Europa '51,Roberto Rossellini,1952
756,Limelight,Charlie Chaplin,1952
870,Othello,Orson Welles,1952
989,The Flavor of Green Tea over Rice,Yasujirō Ozu,1952
36,The Wages of Fear,Henri-Georges Clouzot,1953
110,Monsieur Hulot's Holiday,Jacques Tati,1953
202,Indiscretion of an American Wife,Vittorio De Sica,1953
217,Tokyo Story,Yasujirō Ozu,1953
224,Pickup on South Street,Samuel Fuller,1953
242,The Golden Coach,Jean Renoir,1953
246,I vitelloni,Federico Fellini,1953
309,Ugetsu,Kenji Mizoguchi,1953
412,Sawdust and Tinsel,Ingmar Bergman,1953
445,The Earrings of Madame de...,Max Ophüls,1953
614,Summer with Monika,Ingmar Bergman,1953
653,Gate of Hell,Teinosuke Kinugasa,1953
1037,The War of the Worlds,Byron Haskin,1953
2,Seven Samurai,Akira Kurosawa,1954
14,Samurai I: Musashi Miyamoto,Hiroshi Inagaki,1954
35,Diabolique,Henri-Georges Clouzot,1954
219,La strada,Federico Fellini,1954
271,Touchez pas au grisbi,Jacques Becker,1954
386,Sansho the Bailiff,Kenji Mizoguchi,1954
442,Twenty-Four Eyes,Keisuke Kinoshita,1954
457,Magnificent Obsession,Douglas Sirk,1954
461,Hobson's Choice,David Lean,1954
556,Senso,Luchino Visconti,1954
594,Godzilla,Ishirō Honda,1954
647,On the Waterfront,Elia Kazan,1954
675,Journey to Italy,Roberto Rossellini,1954
704,Riot in Cell Block 11,Don Siegel,1954
949,A Story from Chikamatsu,Kenji Mizoguchi,1954
1046,After the Curfew,Usmar Ismail,1954
15,Samurai II: Duel at Ichijoji Temple,Hiroshi Inagaki,1955
22,Summertime,David Lean,1955
95,All That Heaven Allows,Douglas Sirk,1955
115,Rififi,Jules Dassin,1955
126,Ordet,Carl Theodor Dreyer,1955
197,Night and Fog,Alain Resnais,1955
213,Richard III,Laurence Olivier,1955
237,Smiles of a Summer Night,Ingmar Bergman,1955
243,French Cancan,Jean Renoir,1955
283,A Generation,Andrzej Wajda,1955
322,The Complete Mr. Arkadin,Orson Welles,1955
427,Death of a Cyclist,Juan Antonio Bardem,1955
503,Lola Montès,Max Ophüls,1955
541,The Night of the Hunter,Charles Laughton,1955
568,Kiss Me Deadly,Robert Aldrich,1955
784,Pather Panchali,Satyajit Ray,1955
817,Le amiche,Michelangelo Antonioni,1955
1015,Journey to the Beginning of Time,Karel Zeman,1955
16,Samurai III: Duel at Ganryu Island,Hiroshi Inagaki,1956
77,And God Created Woman,Roger Vadim,1956
96,Written on the Wind,Douglas Sirk,1956
150,Bob le flambeur,Jean-Pierre Melville,1956
244,Elena and Her Men,Jean Renoir,1956
295,Crazed Fruit,Kō Nakahira,1956
379,The Burmese Harp,Kon Ichikawa,1956
419,La Pointe Courte,Agnès Varda,1956
507,Bigger Than Life,Nicholas Ray,1956
575,The Killing,Stanley Kubrick,1956
650,A Man Escaped,Robert Bresson,1956
656,Jubal,Delmer Daves,1956
785,Aparajito,Satyajit Ray,1956
11,The Seventh Seal,Ingmar Bergman,1957
49,Nights of Cabiria,Federico Fellini,1957
139,Wild Strawberries,Ingmar Bergman,1957
146,The Cranes Are Flying,Mikhail Kalatozov,1957
190,Throne of Blood,Akira Kurosawa,1957
284,Kanał,Andrzej Wajda,1957
296,Le notti bianche,Luchino Visconti,1957
335,Elevator to the Gallows,Louis Malle,1957
538,Paths of Glory,Stanley Kubrick,1957
555,Sweet Smell of Success,Alexander Mackendrick,1957
591,12 Angry Men,Sidney Lumet,1957
657,3:10 to Yuma,Delmer Daves,1957
954,Forty Guns,Samuel Fuller,1957
970,A Face in the Crowd,Elia Kazan,1957
7,A Night to Remember,Roy Ward Baker,1958
91,The Blob,Irvin S. Yeaworth,1958
92,Fiend Without a Face,Arthur Crabtree,1958
111,Mon oncle,Jacques Tati,1958
113,Big Deal on Madonna Street,Mario Monicelli,1958
116,The Hidden Fortress,Akira Kurosawa,1958
154,The Horse's Mouth,Ronald Neame,1958
285,Ashes and Diamonds,Andrzej Wajda,1958
367,The Haunted Strangler,Robert Day,1958
429,The Lovers,Louis Malle,1958
537,The Magician,Ingmar Bergman,1958
573,The Music Room,Satyajit Ray,1958
580,Le beau Serge,Claude Chabrol,1958
645,The Ballad of Narayama,Keisuke Kinoshita,1958
1016,The Fabulous World of Jules Verne,Karel Zeman,1958
5,The 400 Blows,François Truffaut,1959
48,Black Orpheus,Marcel Camus,1959
69,Testament of Orpheus,Jean Cocteau,1959
84,Good Morning,Yasujirō Ozu,1959
148,Ballad of a Soldier,Grigori Chukhrai,1959
196,Hiroshima mon amour,Alain Resnais,1959
251,Shadows,John Cassavetes,1959
314,Pickpocket,Robert Bresson,1959
365,First Man into Space,Robert Day,1959
366,The Atomic Submarine,Spencer Gordon Bennet,1959
368,Corridors of Blood,Robert Day,1959
378,Fires on the Plain,Kon Ichikawa,1959
463,Il Generale Della Rovere,Roberto Rossellini,1959
480,The Human Condition,Masaki Kobayashi,1959
581,Les cousins,Claude Chabrol,1959
600,Anatomy of a Murder,Otto Preminger,1959
601,Letter Never Sent,Mikhail Kalatozov,1959
763,The Bridge,Bernhard Wicki,1959
786,Apur Sansar,Satyajit Ray,1959
950,Some Like It Hot,Billy Wilder,1959
58,Peeping Tom,Michael Powell,1960
98,L'avventura,Michelangelo Antonioni,1960
105,Spartacus,Stanley Kubrick,1960
129,Le trou,Jacques Becker,1960
225,Tunes of Glory,Ronald Neame,1960
260,Eyes Without a Face,Georges Franju,1960
315,Shoot the Piano Player,François Truffaut,1960
319,The Bad Sleep Well,Akira Kurosawa,1960
321,The Virgin Spring,Ingmar Bergman,1960
352,Jigoku,Nobuo Nakagawa,1960
377,When a Woman Ascends the Stairs,Mikio Naruse,1960
408,Breathless,Jean-Luc Godard,1960
434,Classe tous risques,Claude Sautet,1960
515,The Fugitive Kind,Sidney Lumet,1960
570,Zazie dans le Métro,Louis Malle,1960
637,Purple Noon,René Clément,1960
690,The Housemaid,Kim Ki-young,1960
733,La dolce vita,Federico Fellini,1960
811,The Naked Island,Kaneto Shindo,1960
960,La vérité,Henri-Georges Clouzot,1960
993,The Cloud-Capped Star,Ritwik Ghatak,1960
52,Yojimbo,Akira Kurosawa,1961
194,Il posto,Ermanno Olmi,1961
209,Through a Glass Darkly,Ingmar Bergman,1961
228,Salvatore Giuliano,Francesco Rosi,1961
238,A Woman Is a Woman,Jean-Luc Godard,1961
286,Divorce Italian Style,Pietro Germi,1961
332,Viridiana,Luis Buñuel,1961
333,Fists in the Pocket,Marco Bellocchio,1961
428,Blast of Silence,Allen Baron,1961
478,Last Year at Marienbad,Alain Resnais,1961
572,Léon Morin@ Priest,Jean-Pierre Melville,1961
648,Chronicle of a Summer,Jean Rouch & Edgar Morin,1961
678,La notte,Michelangelo Antonioni,1961
714,Lola,Jacques Demy,1961
727,The Innocents,Jack Clayton,1961
802,Paris Belongs to Us,Jacques Rivette,1961
829,A Taste of Honey,Tony Richardson,1961
844,One-Eyed Jacks,Marlon Brando,1961
850,Something Wild,Jack Garfein,1961
945,A Raisin in the Sun,Daniel Petrie,1961
53,Sanjuro,Akira Kurosawa,1962
63,Carnival of Souls,Herk Harvey,1962
73,Cléo from 5 to 7,Agnès Varda,1962
195,I fidanzati,Ermanno Olmi,1962
210,Winter Light,Ingmar Bergman,1962
212,Ingmar Bergman Makes a Movie,Vilgot Sjöman,1962
215,Knife in the Water,Roman Polanski,1962
236,Mamma Roma,Pier Paolo Pasolini,1962
272,La commare secca,Bernardo Bertolucci,1962
278,L'eclisse,Michelangelo Antonioni,1962
281,Jules and Jim,François Truffaut,1962
302,Harakiri,Masaki Kobayashi,1962
393,Pitfall,Hiroshi Teshigahara,1962
397,Ivan's Childhood,Andrei Tarkovsky,1962
424,Mafioso,Alberto Lattuada,1962
446,An Autumn Afternoon,Yasujirō Ozu,1962
447,Le doulos,Jean-Pierre Melville,1962
459,The Exterminating Angel,Luis Buñuel,1962
472,Pigs and Battleships,Shohei Imamura,1962
512,Vivre sa vie,Jean-Luc Godard,1962
707,Il sorpasso,Dino Risi,1962
728,Sundays and Cybele,Serge Bourguignon,1962
803,The Manchurian Candidate,John Frankenheimer,1962
1017,The Fabulous Baron Munchausen,Karel Zeman,1962
19,Shock Corridor,Samuel Fuller,1963
24,High and Low,Akira Kurosawa,1963
43,Lord of the Flies,Peter Brook,1963
57,Charade,Stanley Donen,1963
121,Billy Liar,John Schlesinger,1963
140,8½,Federico Fellini,1963
171,Contempt,Jean-Luc Godard,1963
211,The Silence,Ingmar Bergman,1963
235,The Leopard,Luchino Visconti,1963
268,Youth of the Beast,Seijun Suzuki,1963
343,The Bakery Girl of Monceau,Éric Rohmer,1963
344,Suzanne's Career,Éric Rohmer,1963
355,Hands Over the City,Francesco Rosi,1963
417,This Sporting Life,Lindsay Anderson,1963
430,The Fire Within,Louis Malle,1963
473,The Insect Woman,Shohei Imamura,1963
610,The Organizer,Mario Monicelli,1963
668,The Big City,Satyajit Ray,1963
692,It's a Mad@ Mad@ Mad@ Mad World,Stanley Kramer,1963
710,Judex,Georges Franju,1963
715,Bay of Angels,Jacques Demy,1963
824,Muriel@ or The Time of Return,Alain Resnais,1963
840,The Executioner,Luis García Berlanga,1963
910,Tom Jones,Tony Richardson,1963
912,An Actor's Revenge,Kon Ichikawa,1963
1010,Le petit soldat,Jean-Luc Godard,1963
1027,The Great Escape,John Sturges,1963
18,The Naked Kiss,Samuel Fuller,1964
117,Diary of a Chambermaid,Luis Buñuel,1964
127,Gertrud,Carl Theodor Dreyer,1964
174,Band of Outsiders,Jean-Luc Godard,1964
226,Onibaba,Kaneto Shindo,1964
298,Gate of Flesh,Seijun Suzuki,1964
350,Seduced and Abandoned,Pietro Germi,1964
394,The Woman in the Dunes,Hiroshi Teshigahara,1964
404,Robinson Crusoe on Mars,Byron Haskin,1964
474,Intentions of Murder,Shohei Imamura,1964
522,Red Desert,Michelangelo Antonioni,1964
564,Pale Flower,Masahiro Shinoda,1964
596,Three Outlaw Samurai,Hideo Gosha,1964
669,Charulata,Satyajit Ray,1964
688,Dry Summer,Metin Erksan,1964
711,A Hard Day's Night,Richard Lester,1964
716,The Umbrellas of Cherbourg,Jacques Demy,1964
749,The Soft Skin,François Truffaut,1964
821,Dr. Strangelove@ or: How I Learned to Stop Worrying and Love the Bomb,Stanley Kubrick,1964
969,Diamonds of the Night,Jan Němec,1964
1011,Fail Safe,Sidney Lumet,1964
25,Alphaville,Jean-Luc Godard,1965
90,Kwaidan,Masaki Kobayashi,1965
130,The Shop on Main Street,Elmar Klos & Ján Kadár,1965
144,Loves of a Blonde,Miloš Forman,1965
149,Juliet of the Spirits,Federico Fellini,1965
155,Tokyo Olympiad,Kon Ichikawa,1965
159,Red Beard,Akira Kurosawa,1965
299,Story of a Prostitute,Seijun Suzuki,1965
311,Sword of the Beast,Hideo Gosha,1965
312,Samurai Spy,Masahiro Shinoda,1965
415,The Naked Prey,Cornel Wilde,1965
420,Le bonheur,Agnès Varda,1965
421,Pierrot le fou,Jean-Luc Godard,1965
452,The Spy Who Came in from the Cold,Martin Ritt,1965
460,Simon of the Desert,Luis Buñuel,1965
483,Repulsion,Roman Polanski,1965
595,The Moment of Truth,Francesco Rosi,1965
801,I Knew Her Well,Antonio Pietrangeli,1965
34,Andrei Rublev,Andrei Tarkovsky,1966
39,Tokyo Drifter,Seijun Suzuki,1966
131,Closely Watched Trains,Jiří Menzel,1966
207,The Pornographers,Shohei Imamura,1966
249,The Battle of Algiers,Gillo Pontecorvo,1966
269,Fighting Elegy,Seijun Suzuki,1966
279,Young Törless,Volker Schlöndorff,1966
280,The Sword of Doom,Kihachi Okamoto,1966
297,Au Hasard Balthazar,Robert Bresson,1966
308,Masculin féminin,Jean-Luc Godard,1966
395,The Face of Another,Hiroshi Teshigahara,1966
433,Patriotism,Domoto Masaki & Yukio Mishima,1966
448,Le deuxième souffle,Jean-Pierre Melville,1966
456,The Taking of Power by Louis XIV,Roberto Rossellini,1966
481,Made in U.S.A,Jean-Luc Godard,1966
577,Cul-de-sac,Roman Polanski,1966
667,Seconds,John Frankenheimer,1966
701,Persona,Ingmar Bergman,1966
734,The Shooting,Monte Hellman,1966
735,Ride in the Whirlwind,Monte Hellman,1966
766,Here Is Your Life,Jan Troell,1966
830,Chimes at Midnight,Orson Welles,1966
852,Black Girl,Ousmane Sembène,1966
865,Blow-Up,Michelangelo Antonioni,1966
878,Law of the Border,Lüfti Ö. Akad,1966
911,The Hero,Satyajit Ray,1966
38,Branded to Kill,Seijun Suzuki,1967
112,Playtime,Jacques Tati,1967
145,The Firemen's Ball,Miloš Forman,1967
168,Monterey Pop,D. A. Pennebaker,1967
180,I Am Curious (Yellow),Vilgot Sjöman,1967
181,I Am Curious (Blue),Vilgot Sjöman,1967
306,Le Samouraï,Jean-Pierre Melville,1967
310,Samurai Rebellion,Masaki Kobayashi,1967
346,La collectionneuse,Éric Rohmer,1967
363,Mouchette,Robert Bresson,1967
388,The Two of Us,Claude Berri,1967
482,2 or 3 Things I Know About Her,Jean-Luc Godard,1967
593,Belle de jour,Luis Buñuel,1967
635,Weekend,Jean-Luc Godard,1967
661,Marketa Lazarová,František Vláčil,1967
717,The Young Girls of Rochefort,Jacques Demy,1967
781,In Cold Blood,Richard Brooks,1967
787,Dont Look Back,D. A. Pennebaker,1967
800,The Graduate,Mike Nichols,1967
835,Valley of the Dolls,Mark Robson,1967
892,Festival,Murray Lerner,1967
937,Dragon Inn,King Hu,1967
959,In the Heat of the Night,Norman Jewison,1967
122,Salesman,David Maysles & Albert Maysles & Charlotte Zwerin,1968
186,Stolen Kisses,François Truffaut,1968
252,Faces,John Cassavetes,1968
313,Kill!,Kihachi Okamoto,1968
360,Symbiopsychotaxiplasm: Two Takes,William Greaves,1968
391,If....,Lindsay Anderson,1968
534,L'enfance nue,Maurice Pialat,1968
544,Head,Bob Rafelson,1968
584,Kuroneko,Kaneto Shindo,1968
630,Rosemary's Baby,Roman Polanski,1968
798,Death by Hanging,Nagisa Oshima,1968
831,The Immortal Story,Orson Welles,1968
909,Night of the Living Dead,George A. Romero,1968
943,Memories of Underdevelopment,Tomás Gutiérrez Alea,1968
961,Shame,Ingmar Bergman,1968
1013,Teorema,Pier Paolo Pasolini,1968
1045,Lucía,Humberto Solás,1968
104,Double Suicide,Masahiro Shinoda,1969
345,My Night at Maud's,Éric Rohmer,1969
385,Army of Shadows,Jean-Pierre Melville,1969
402,The Milky Way,Luis Buñuel,1969
491,Z,Costa Gavras,1969
494,Downhill Racer,Michael Ritchie,1969
506,Dillinger Is Dead,Marco Ferreri,1969
545,Easy Rider,Dennis Hopper,1969
561,Kes,Ken Loach,1969
658,Medium Cool,Haskell Wexler,1969
747,Fellini Satyricon,Federico Fellini,1969
916,Women in Love,Ken Russell,1969
918,The Color of Pomegranates,Sergei Parajanov,1969
925,Midnight Cowboy,John Schlesinger,1969
1023,The Cremator,Juraj Herz,1969
99,Gimme Shelter,Albert Maysles & David Maysles & Charlotte Zwerin,1970
187,Bed and Board,François Truffaut,1970
200,The Honeymoon Killers,Leonard Kastle,1970
218,Le cercle rouge,Jean-Pierre Melville,1970
338,Equinox,Jack Woods,1970
347,Claire's Knee,Éric Rohmer,1970
465,Dodes'ka-den,Akira Kurosawa,1970
546,Five Easy Pieces,Bob Rafelson,1970
682,Investigation of a Citizen Above Suspicion,Elio Petri,1970
718,Donkey Skin,Jacques Demy,1970
759,The Confession,Costa Gavras,1970
761,Valerie and Her Week of Wonders,Jaromil Jireš,1970
836,Beyond the Valley of the Dolls,Russ Meyer,1970
863,Multiple Maniacs,John Waters,1970
914,Baal,Volker Schlöndorff,1970
965,Wanda,Barbara Loden,1970
1029,Husbands,John Cassavetes,1970
1049,Soleil Ô,Med Hondo,1970
10,Walkabout,Nicolas Roeg,1971
182,Straw Dogs,Sam Peckinpah,1971
389,W.R.: Mysteries of the Organism,Dušan Makavejev,1971
414,Two-Lane Blacktop,Monte Hellman,1971
438,Mon oncle Antoine,Claude Jutra,1971
439,Trafic,Jacques Tati,1971
547,Drive@ He Said,Jack Nicholson,1971
548,A Safe Place,Henry Jaglom,1971
549,The Last Picture Show,Peter Bogdanovich,1971
608,Harold and Maude,Hal Ashby,1971
629,Sunday Bloody Sunday,John Schlesinger,1971
632,The Decameron,Pier Paolo Pasolini,1971
726,Macbeth,Roman Polanski,1971
758,The Merchant of Four Seasons,Rainer Werner Fassbinder,1971
796,The Emigrants,Jan Troell,1971
825,A Touch of Zen,King Hu,1971
827,McCabe & Mrs. Miller,Robert Altman,1971
962,Death in Venice,Luchino Visconti,1971
987,Klute,Alan J. Pakula,1971
101,Cries and Whispers,Ingmar Bergman,1972
102,The Discreet Charm of the Bourgeoisie,Luis Buñuel,1972
132,The Ruling Class,Peter Medak,1972
164,Solaris,Andrei Tarkovsky,1972
275,Tout va bien,Jean-Luc Godard & Jean-Pierre Gorin,1972
328,Murmur of the Heart,Louis Malle,1972
348,Love in the Afternoon,Éric Rohmer,1972
550,The King of Marvin Gardens,Bob Rafelson,1972
633,The Canterbury Tales,Pier Paolo Pasolini,1972
740,The Bitter Tears of Petra von Kant,Rainer Werner Fassbinder,1972
760,State of Siege,Costa Gavras,1972
797,The New Land,Jan Troell,1972
848,Roma,Federico Fellini,1972
946,Eight Hours Don't Make a Day,Rainer Werner Fassbinder,1972
1050,Downpour,Bahram Bayzai,1972
27,Flesh for Frankenstein,Paul Morrissey,1973
83,The Harder They Come,Perry Henzell,1973
89,Sisters,Brian De Palma,1973
223,Maîtresse,Barbet Schroeder,1973
229,Scenes from a Marriage,Ingmar Bergman,1973
351,The Spirit of the Beehive,Víctor Erice,1973
475,The Friends of Eddie Coyle,Peter Yates,1973
598,World On a Wire,Rainer Werner Fassbinder,1973
651,Badlands,Terrence Malick,1973
685,Touki Bouki,Djibril Diop Mambéty,1973
687,A River Called Titas,Ritwik Ghatak,1973
745,Don't Look Now,Nicolas Roeg,1973
769,Day for Night,François Truffaut,1973
791,Lady Snowblood,Toshiya Fujita,1973
820,Fantastic Planet,René Laloux,1973
4,Amarcord,Federico Fellini,1974
28,Blood for Dracula,Paul Morrissey,1974
59,The Night Porter,Liliana Cavani,1974
153,General Idi Amin Dada: A Self Portrait,Barbet Schroeder,1974
156,Hearts and Minds,Peter Davis,1974
198,Ali: Fear Eats the Soul,Rainer Werner Fassbinder,1974
253,A Woman Under the Influence,John Cassavetes,1974
290,The Phantom of Liberty,Luis Buñuel,1974
329,Lacombe@ Lucien,Louis Malle,1974
390,Sweet Movie,Dušan Makavejev,1974
634,Arabian Nights,Pier Paolo Pasolini,1974
731,Parade,Jacques Tati,1974
782,Lady Snowblood: Love Song of Vengeance,Toshiya Fujita,1974
805,A Poem Is a Naked Person,Les Blank,1974
814,Alice in the Cities,Wim Wenders,1974
929,Female Trouble,John Waters,1974
17,Salò@ or The 120 Days of Sodom,Pier Paolo Pasolini,1975
29,Picnic at Hanging Rock ,Peter Weir,1975
71,The Magic Flute,Ingmar Bergman,1975
177,The Lost Honor of Katharina Blum,Margarethe von Trotta & Volker Schlöndorff,1975
288,F for Fake,Orson Welles,1975
382,Overlord,Stuart Cooper,1975
484,Jeanne Dielman@ 23 quai du Commerce@ 1080 Bruxelles,Chantal Akerman,1975
571,Black Moon,Louis Malle,1975
683,Nashville,Robert Altman,1975
815,Wrong Move,Wim Wenders,1975
851,Fox and His Friends,Rainer Werner Fassbinder,1975
897,Barry Lyndon,Stanley Kubrick,1975
926,Manila in the Claws of Light,Lino Brocka,1975
947,Shampoo,Hal Ashby,1975
123,Grey Gardens,David Maysles & Albert Maysles & Muffie Meyer & Susan Froemke & Ellen Hovde,1976
192,Coup de grâce,Volker Schlöndorff,1976
254,The Killing of a Chinese Bookie,John Cassavetes,1976
304,The Man Who Fell to Earth,Nicolas Roeg,1976
334,Harlan County@ USA,Barbara Kopple,1976
403,Cría cuervos ...,Carlos Saura,1976
466,In the Realm of the Senses,Nagisa Oshima,1976
816,Kings of the Road,Wim Wenders,1976
862,Canoa: A Shameful Memory,Felipe Cazals,1976
874,Insiang,Lino Brocka,1976
957,Mikey and Nicky,Elaine May,1976
142,The Last Wave,Peter Weir,1977
143,That Obscure Object of Desire,Luis Buñuel,1977
230,3 Women,Robert Altman,1977
255,Opening Night,John Cassavetes,1977
539,House,Nobuhiko Obayashi,1977
609,¡Alambrista!,Robert M. Young,1977
725,Eraserhead,David Lynch,1977
778,A Special Day,Ettore Scola,1977
793,The American Friend,Wim Wenders,1977
903,Jabberwocky,Terry Gilliam,1977
978,One Sings@ the Other Doesn't,Agnès Varda,1977
60,Autumn Sonata,Ingmar Bergman,1978
191,Jubilee,Derek Jarman,1978
204,The Marriage of Maria Braun,Rainer Werner Fassbinder,1978
340,Koko: A Talking Gorilla,Barbet Schroeder,1978
409,Days of Heaven,Terrence Malick,1978
467,Empire of Passion,Nagisa Oshima,1978
671,La Cage aux Folles,Edouard Molinaro,1978
748,Watership Down,Martin Rosen,1978
751,Gates of Heaven,Errol Morris,1978
854,The Tree of Wooden Clogs,Ermanno Olmi,1978
967,I Wanna Hold Your Hand,Robert Zemeckis,1978
1032,An Unmarried Woman,Paul Mazursky,1978
61,Monty Python's Life of Brian,Terry Jones,1979
188,Love on the Run,François Truffaut,1979
234,The Tin Drum,Volker Schlöndorff,1979
384,Vengeance Is Mine,Shohei Imamura,1979
470,Wise Blood,John Huston,1979
624,Quadrophenia,Franc Roddam,1979
697,Tess,Roman Polanski,1979
724,All That Jazz,Bob Fosse,1979
757,The Rose,Mark Rydell,1979
765,The Black Stallion,Carroll Ballard,1979
777,The Brood,David Cronenberg,1979
823,The In-Laws,Arthur Hiller,1979
864,Being There,Hal Ashby,1979
888,Stalker,Andrei Tarkovsky,1979
973,My Brilliant Career,Gillian Armstrong,1979
1039,Town Bloody Hall,Chris Hegedus & D. A. Pennebaker,1979
1043,Christ Stopped at Eboli,Francesco Rosi,1979
26,The Long Good Friday,John Mackenzie,1980
163,Hopscotch,Ronald Neame,1980
267,Kagemusha,Akira Kurosawa,1980
303,Bad Timing,Nicolas Roeg,1980
411,Berlin Alexanderplatz,Rainer Werner Fassbinder,1980
462,The Last Metro,François Truffaut,1980
636,Heaven's Gate,Michael Cimino,1980
744,Every Man for Himself,Jean-Luc Godard,1980
770,Dressed to Kill,Brian De Palma,1980
773,Breaker Morant,Bruce Beresford,1980
1051,The Elephant Man,David Lynch,1980
37,Time Bandits,Terry Gilliam,1981
106,Coup de torchon,Bertrand Tavernier,1981
206,Lola,Rainer Werner Fassbinder,1981
479,My Dinner with André,Louis Malle,1981
562,Blow Out,Brian De Palma,1981
689,Trances,Ahmed El Maânouni,1981
691,Thief,Michael Mann,1981
712,Scanners,David Cronenberg,1981
752,Vernon@ Florida,Errol Morris,1981
768,The French Lieutenant's Woman,Karel Reisz,1981
772,Blind Chance,Krzysztof Kieślowski,1981
995,Polyester,John Waters,1981
1047,Pixote,Héctor Babenco,1981
205,Veronika Voss,Rainer Werner Fassbinder,1982
263,Fanny and Alexander,Ingmar Bergman,1982
264,The Making of Fanny and Alexander,Ingmar Bergman,1982
287,Burden of Dreams,Les Blank,1982
449,Missing,Costa Gavras,1982
455,White Dog,Samuel Fuller,1982
585,Identification of a Woman,Michelangelo Antonioni,1982
625,Eating Raoul,Paul Bartel,1982
719,Une chambre en ville,Jacques Demy,1982
738,Tootsie,Sydney Pollack,1982
940,The Ballad of Gregorio Cortez,Robert M. Young,1982
941,Smithereens,Susan Seidelman,1982
248,Videodrome,David Cronenberg,1983
337,À nos amours,Maurice Pialat,1983
458,El Norte,Gregory Nava,1983
464,Danton,Andrzej Wajda,1983
535,Merry Christmas@ Mr. Lawrence,Nagisa Oshima,1983
567,The Makioka Sisters,Kon Ichikawa,1983
640,Koyaanisqatsi,Godfrey Reggio,1983
720,The Big Chill,Lawrence Kasdan,1983
790,Burroughs: The Movie,Howard Brookner,1983
869,Rumble Fish,Francis Ford Coppola,1983
886,L'argent,Robert Bresson,1983
927,El Sur,Víctor Erice,1983
994,Local Hero,Bill Forsyth,1983
12,This Is Spinal Tap,Rob Reiner,1984
50,And the Ship Sails On,Federico Fellini,1984
80,The Element of Crime,Lars von Trier,1984
257,Secret Honor,Robert Altman,1984
400,Stranger Than Paradise,Jim Jarmusch,1984
410,Under the Volcano,John Huston,1984
425,Antonio Gaudi,Hiroshi Teshigahara,1984
469,The Hit,Stephen Frears,1984
501,Paris@ Texas,Wim Wenders,1984
557,The Times of Harvey Milk,Robert Epstein,1984
654,Repo Man,Alex Cox,1984
721,Love Streams,John Cassavetes,1984
834,Blood Simple,Joel and Ethan Coen,1984
890,Meantime,Mike Leigh,1984
984,1984,Michael Radford,1984
51,Brazil,Terry Gilliam,1985
74,Vagabond,Agnès Varda,1985
178,My Life as a Dog,Lasse Hallström,1985
316,Ran,Akira Kurosawa,1985
407,Mala Noche,Gus Van Sant,1985
432,Mishima: A Life in Four Chapters,Paul Schrader,1985
532,Louie Bluie,Terry Zwigoff,1985
566,Insignificance,Nicolas Roeg,1985
663,Shoah,Claude Lanzmann,1985
767,My Beautiful Laundrette,Stephen Frears,1985
775,A Room with a View,James Ivory,1985
868,Tampopo,Juzo Itami,1985
879,Taipei Story,Edward Yang,1985
887,Lost in America,Albert Brooks,1985
902,Desert Hearts,Donna Deitch,1985
905,The Breakfast Club,John Hughes,1985
971,Police Story,Jackie Chan,1985
1035,Come and See,Elem Klimov,1985
20,Sid & Nancy,Alex Cox,1986
107,Mona Lisa,Neil Jordan,1986
119,Withnail and I,Bruce Robinson,1986
166,Down by Law,Jim Jarmusch,1986
169,Jimi Plays Monterey & Shake! Otis at Monterey,D. A. Pennebaker,1986
563,Something Wild,Jonathan Demme,1986
951,True Stories,David Byrne,1986
977,Blue Velvet,David Lynch,1986
1002,Betty Blue,Jean-Jacques Beineix,1986
23,RoboCop,Paul Verhoeven,1987
330,Au revoir les enfants,Louis Malle,1987
362,Border Radio,Allison Anders & Dean Lent & Kurt Voss,1987
399,House of Games,David Mamet,1987
422,The Last Emperor,Bernardo Bertolucci,1987
423,Walker,Alex Cox,1987
490,Wings of Desire,Wim Wenders,1987
552,Broadcast News,James L. Brooks,1987
665,Babette's Feast,Gabriel Axel,1987
948,The Princess Bride,Rob Reiner,1987
990,Where Is the Friend's House?,Abbas Kiarostami,1987
999,Matewan,John Sayles,1987
21,Dead Ringers,David Cronenberg,1988
55,The Unbearable Lightness of Being,Philip Kaufman,1988
70,The Last Temptation of Christ,Martin Scorsese,1988
120,How to Get Ahead in Advertising,Bruce Robinson,1988
133,The Vanishing,George Sluizer,1988
258,Tanner '88,Robert Altman,1988
641,Powaqqatsi,Godfrey Reggio,1988
753,The Thin Blue Line,Errol Morris,1988
837,Dekalog,Krzysztof Kieślowski,1988
855,Women on the Verge of a Nervous Breakdown,Pedro Almodóvar,1988
936,Bull Durham,Ron Shelton,1988
972,Police Story 2,Jackie Chan,1988
8,The Killer,John Woo,1989
54,For All Mankind,Al Reinert,1989
97,Do the Right Thing,Spike Lee,1989
356,Sweetie,Jane Campion,1989
521,Mystery Train,Jim Jarmusch,1989
876,Revenge,Ermek Shinarbaev,1989
938,Sex@ Lies@ and Videotape,Steven Soderbergh,1989
953,A Dry White Season,Euzhan Palcy,1989
301,An Angel at My Table,Jane Campion,1990
326,Metropolitan,Whit Stillman,1990
327,3 Films by Louis Malle,Louis Malle,1990
519,Close-Up,Abbas Kiarostami,1990
659,Life Is Sweet,Mike Leigh,1990
722,Tie Me Up! Tie Me Down!,Pedro Almodóvar,1990
774,Mister Johnson,Bruce Beresford,1990
842,Akira Kurosawa's Dreams,Akira Kurosawa,1990
963,To Sleep with Anger,Charles Burnett,1990
1018,Paris Is Burning,Jennie Livingston,1990
1041,The Comfort of Strangers,Paul Schrader,1990
13,The Silence of the Lambs,Jonathan Demme,1991
220,Naked Lunch,David Cronenberg,1991
247,Slacker,Richard Linklater,1991
277,My Own Private Idaho,Gus Van Sant,1991
353,Sólo con tu pareja,Alfonso Cuarón,1991
359,The Double Life of Véronique,Krzysztof Kieślowski,1991
401,Night on Earth,Jim Jarmusch,1991
454,Europa,Lars von Trier,1991
486,Homicide,David Mamet,1991
699,A Brief History of Time,Errol Morris,1991
764,The Fisher King,Terry Gilliam,1991
804,A Brighter Summer Day,Edward Yang,1991
985,Europa Europa,Agnieszka Holland,1991
988,The Inland Sea,Lucille Carra,1991
1007,Until the End of the World,Wim Wenders,1991
1022,The Prince of Tides,Barbra Streisand,1991
9,Hard Boiled,John Woo,1992
42,Fishing with John,John Lurie,1992
165,Man Bites Dog,Rémy Belvaux & André Bonzel & Benoît Poelvoorde,1992
488,Howards End,James Ivory,1992
693,La vie de bohème,Aki Kaurismäki,1992
694,The Long Day Closes,Terence Davies,1992
812,The Player,Robert Altman,1992
898,Twin Peaks: Fire Walk with Me,David Lynch,1992
991,And Life Goes On,Abbas Kiarostami,1992
265,Short Cuts,Robert Altman,1993
307,Naked,Mike Leigh,1993
336,Dazed and Confused,Richard Linklater,1993
551,Cronos,Guillermo del Toro,1993
588,Three Colors: Blue,Krzysztof Kieślowski,1993
602,The War Room,D. A. Pennebaker & Chris Hegedus,1993
698,King of the Hill,Steven Soderbergh,1993
913,The Age of Innocence,Martin Scorsese,1993
289,Hoop Dreams,Steve James,1994
354,Clean@ Shaven,Lodge Kerrigan,1994
436,Before the Rain,Milčo Mančevski,1994
453,Chungking Express,Wong Kar-wai,1994
589,Three Colors: White,Krzysztof Kieślowski,1994
590,Three Colors: Red,Krzysztof Kieślowski,1994
599,Vanya on 42nd Street,Louis Malle,1994
616,Shallow Grave,Danny Boyle,1994
807,Barcelona,Whit Stillman,1994
944,Cold Water,Olivier Assayas,1994
992,Through the Olive Trees,Abbas Kiarostami,1994
128,Carl Th. Dreyer—My Metier,Torben Skjodt Jensen,1995
349,Kicking and Screaming,Noah Baumbach,1995
381,La haine,Mathieu Kassovitz,1995
533,Crumb,Terry Zwigoff,1995
739,Safe,Todd Haynes,1995
857,Before Sunrise,Richard Linklater,1995
919,Dead Man,Jim Jarmusch,1995
108,The Rock,Michael Bay,1996
199,Schizopolis,Steven Soderbergh,1996
450,Bottle Rocket,Wes Anderson,1996
620,La promesse,Jean-Pierre Dardenne & Luc Dardenne,1996
705,Breaking the Waves,Lars von Trier,1996
998,When We Were Kings,Leon Gast,1996
1001,The Daytrippers,Greg Mottola,1996
45,Taste of Cherry,Abbas Kiarostami,1997
47,Insomnia,Erik Skjoldbjærg,1997
75,Chasing Amy,Kevin Smith,1997
426,The Ice Storm,Ang Lee,1997
509,Ossos,Pedro Costa,1997
618,Gray's Anatomy,Steven Soderbergh,1997
627,The Game,David Fincher,1997
975,Funny Games,Michael Haneke,1997
980,La vie de Jésus,Bruno Dumont,1997
40,Armageddon,Michael Bay,1998
65,Rushmore,Wes Anderson,1998
175,Fear and Loathing in Las Vegas,Terry Gilliam,1998
485,The Last Days of Disco,Whit Stillman,1998
536,The Thin Red Line,Terrence Malick,1998
162,Ratcatcher,Lynne Ramsay,1999
514,Ride with the Devil,Ang Lee,1999
558,Topsy-Turvy,Mike Leigh,1999
611,Being John Malkovich,Spike Jonze,1999
621,Rosetta,Jean-Pierre Dardenne & Luc Dardenne,1999
638,Following,Christopher Nolan,1999
866,Buena Vista Social Club,Wim Wenders,1999
904,Election,Alexander Payne,1999
920,The Virgin Suicides,Sofia Coppola,1999
981,L'Humanité,Bruno Dumont,1999
1012,All About My Mother,Pedro Almodóvar,1999
1042,Beau Travail,Claire Denis,1999
147,In the Mood for Love,Wong Kar-wai,2000
151,Traffic,Steven Soderbergh,2000
152,George Washington,David Gordon Green,2000
256,A Constant Forge,Charles Kiselyak,2000
339,Yi Yi,Edward Yang,2000
510,In Vanda's Room,Pedro Costa,2000
780,Code Unknown,Michael Haneke,2000
875,Mysterious Object at Noon,Apichatpong Weerasethakul,2000
1019,Bamboozled,Spike Lee,2000
157,The Royal Tenenbaums,Wes Anderson,2001
259,Fat Girl,Catherine Breillat,2001
489,Monsoon Wedding,Mira Nair,2001
666,The Devil's Backbone,Guillermo del Toro,2001
723,Y tu mamá también,Alfonso Cuarón,2001
743,La Ciénaga,Lucrecia Martel,2001
779,Mulholland Dr.,David Lynch,2001
872,Ghost World,Terry Zwigoff,2001
894,The Piano Teacher,Michael Haneke,2001
982,Hedwig and the Angry Inch,John Cameron Mitchell,2001
642,Naqoyqatsi,Godfrey Reggio,2002
843,Punch-Drunk Love,Paul Thomas Anderson,2002
928,Bowling for Columbine,Michael Moore,2002
968,Japón,Carlos Reygadas,2002
300,The Life Aquatic with Steve Zissou,Wes Anderson,2004
858,Before Sunset,Richard Linklater,2004
826,The New World,Terrence Malick,2005
845,The Squid and the Whale,Noah Baumbach,2005
1026,Me and You and Everyone We Know,Miranda July,2005
361,The Beales of Grey Gardens,Albert Maysles & David Maysles,2006
440,Brand upon the Brain!,Guy Maddin,2006
477,Bergman Island,Marie Nyreröd,2006
511,Colossal Youth,Pedro Costa,2006
838,Pan's Labyrinth,Guillermo del Toro,2006
1008,Old Joy,Kelly Reichardt,2006
527,The Secret of the Grain,Abdellatif Kechiche,2007
540,The Darjeeling Limited,Wes Anderson,2007
576,Secret Sunshine,Lee Chang-dong,2007
741,My Winnipeg,Guy Maddin,2007
958,4 Months@ 3 Weeks and 2 Days,Cristian Mungiu,2007
476,The Curious Case of Benjamin Button,David Fincher,2008
492,A Christmas Tale,Arnaud Desplechin,2008
493,Gomorrah,Matteo Garrone,2008
496,Che,Steven Soderbergh,2008
502,Revanche,Götz Spielmann,2008
504,Hunger,Steve McQueen,2008
513,Summer Hours,Olivier Assayas,2008
520,Everlasting Moments,Jan Troell,2008
554,Still Walking,Hirokazu Kore-eda,2008
542,Antichrist,Lars von Trier,2009
553,Fish Tank,Andrea Arnold,2009
560,White Material,Claire Denis,2009
700,Fantastic Mr. Fox,Wes Anderson,2009
574,Life During Wartime,Todd Solondz,2010
582,Carlos,Olivier Assayas,2010
597,Tiny Furniture,Lena Dunham,2010
612,Certified Copy,Abbas Kiarostami,2010
617,And Everything Is Going Fine,Steven Soderbergh,2010
619,Le Havre,Aki Kaurismäki,2011
622,Weekend,Andrew Haigh,2011
628,The Forgiveness of Blood,Joshua Marston,2011
644,Pina,Wim Wenders,2011
646,The Kid with a Bike,Jean-Pierre Dardenne & Luc Dardenne,2011
942,The Tree of Life,Terrence Malick,2011
708,Like Someone in Love,Abbas Kiarostami,2012
776,Moonrise Kingdom,Wes Anderson,2012
923,Beyond the Hills,Cristian Mungiu,2012
681,Frances Ha,Noah Baumbach,2013
695,Blue Is the Warmest Color,Abdellatif Kechiche,2013
702,The Great Beauty,Paolo Sorrentino,2013
788,Jellyfish Eyes,Takashi Murakami,2013
794,Inside Llewyn Davis,Joel and Ethan Coen,2013
859,Before Midnight,Richard Linklater,2013
762,A Master Builder,Jonathan Demme,2014
771,Two Days@ One Night,Jean-Pierre Dardenne & Luc Dardenne,2014
809,Phoenix,Christian Petzold,2014
822,Clouds of Sils Maria,Olivier Assayas,2014
839,Boyhood,Richard Linklater,2014
1025,The Grand Budapest Hotel,Wes Anderson,2014
828,Ingrid Bergman: In Her Own Words,Stig Björkman,2015
846,Heart of a Dog,Laurie Anderson,2015
861,45 Years,Andrew Haigh,2015
871,Dheepan,Jacques Audiard,2015
896,The Lure,Agnieszka Smoczyńska,2015
853,Cameraperson,Kirsten Johnson,2016
893,Certain Women,Kelly Reichardt,2016
895,David Lynch: The Art Life,Olivia Neergaard-Holm & Rick Barnes & John Nguyen,2016
899,Personal Shopper,Olivier Assayas,2016
906,I@ Daniel Blake,Ken Loach,2016
924,Graduation,Cristian Mungiu,2016
922,The Other Side of Hope,Aki Kaurismäki,2017
956,24 Frames,Abbas Kiarostami,2017
976,Let the Sunshine In,Claire Denis,2017
1005,Cold War,Paweł Pawlikowski,2018
1014,Roma,Alfonso Cuarón,2018
1031,Wildlife,Paul Dano,2018
1034,Portrait of a Lady on Fire,Céline Sciamma,2019
1038,Marriage Story,Noah Baumbach,2019
